Structure_Name,datetime,Inflow_cfs,Outflow_cfs
CULV_009,2025-03-13 00:00:00,0.0,0.0
CULV_009,2025-03-13 00:06:00,0.0,0.0
CULV_009,2025-03-13 00:12:00,0.0,0.0
CULV_009,2025-03-13 00:18:00,0.0,0.0
CULV_009,2025-03-13 00:24:00,0.0,0.0
CULV_009,2025-03-13 00:30:00,0.0,0.0
CULV_009,2025-03-13 00:36:00,0.0,0.0
CULV_009,2025-03-13 00:42:00,0.0,0.0
CULV_009,2025-03-13 00:48:00,0.0,0.0
CULV_009,2025-03-13 00:54:00,0.0,0.0
CULV_009,2025-03-13 01:00:00,0.0,0.0
CULV_009,2025-03-13 01:06:00,0.0,0.0
CULV_009,2025-03-13 01:12:00,0.0,0.0
CULV_009,2025-03-13 01:18:00,0.0,0.0
CULV_009,2025-03-13 01:24:00,0.0,0.0
CULV_009,2025-03-13 01:30:00,0.0,0.0
CULV_009,2025-03-13 01:36:00,0.0,0.0
CULV_009,2025-03-13 01:42:00,0.0,0.0
CULV_009,2025-03-13 01:48:00,0.0,0.0
CULV_009,2025-03-13 01:54:00,0.0,0.0
CULV_009,2025-03-13 02:00:00,0.0,0.0
CULV_009,2025-03-13 02:06:00,0.0,0.0
CULV_009,2025-03-13 02:12:00,0.0,0.0
CULV_009,2025-03-13 02:18:00,0.0,0.0
CULV_009,2025-03-13 02:24:00,0.0,0.0
CULV_009,2025-03-13 02:30:00,0.0,0.0
CULV_009,2025-03-13 02:36:00,0.0,0.0
CULV_009,2025-03-13 02:42:00,0.0,0.0
CULV_009,2025-03-13 02:48:00,0.0,0.0
CULV_009,2025-03-13 02:54:00,0.0,0.0
CULV_009,2025-03-13 03:00:00,0.0,0.0
CULV_009,2025-03-13 03:06:00,0.0,0.0
CULV_009,2025-03-13 03:12:00,0.0,0.0
CULV_009,2025-03-13 03:18:00,0.0,0.0
CULV_009,2025-03-13 03:24:00,0.0,0.0
CULV_009,2025-03-13 03:30:00,0.0,0.0
CULV_009,2025-03-13 03:36:00,0.0,0.0
CULV_009,2025-03-13 03:42:00,0.49,-0.49
CULV_009,2025-03-13 03:48:00,3.06,-3.06
CULV_009,2025-03-13 03:54:00,13.45,-13.45
CULV_009,2025-03-13 04:00:00,29.86,-29.86
CULV_009,2025-03-13 04:06:00,37.27,-37.27
CULV_009,2025-03-13 04:12:00,30.08,-30.08
CULV_009,2025-03-13 04:18:00,22.52,-22.52
CULV_009,2025-03-13 04:24:00,16.67,-16.67
CULV_009,2025-03-13 04:30:00,12.33,-12.33
CULV_009,2025-03-13 04:36:00,9.26,-9.26
CULV_009,2025-03-13 04:42:00,7.44,-7.44
CULV_009,2025-03-13 04:48:00,6.21,-6.21
CULV_009,2025-03-13 04:54:00,5.21,-5.21
CULV_009,2025-03-13 05:00:00,4.42,-4.42
CULV_009,2025-03-13 05:06:00,3.8,-3.8
CULV_009,2025-03-13 05:12:00,3.32,-3.32
CULV_009,2025-03-13 05:18:00,2.93,-2.93
CULV_009,2025-03-13 05:24:00,2.63,-2.63
CULV_009,2025-03-13 05:30:00,2.4,-2.4
CULV_009,2025-03-13 05:36:00,2.2,-2.2
CULV_009,2025-03-13 05:42:00,2.02,-2.02
CULV_009,2025-03-13 05:48:00,1.86,-1.86
CULV_009,2025-03-13 05:54:00,1.74,-1.74
CULV_009,2025-03-13 06:00:00,1.64,-1.64
CULV_009,2025-03-13 06:06:00,1.53,-1.53
CULV_009,2025-03-13 06:12:00,1.39,-1.39
CULV_009,2025-03-13 06:18:00,1.24,-1.24
CULV_009,2025-03-13 06:24:00,1.1,-1.1
CULV_009,2025-03-13 06:30:00,0.98,-0.98
CULV_009,2025-03-13 06:36:00,0.88,-0.88
CULV_009,2025-03-13 06:42:00,0.77,-0.77
CULV_009,2025-03-13 06:48:00,0.68,-0.68
CULV_009,2025-03-13 06:54:00,0.61,-0.61
CULV_009,2025-03-13 07:00:00,0.56,-0.56
CULV_009,2025-03-13 07:06:00,0.51,-0.51
CULV_009,2025-03-13 07:12:00,0.46,-0.46
CULV_009,2025-03-13 07:18:00,0.43,-0.43
CULV_009,2025-03-13 07:24:00,0.4,-0.4
CULV_009,2025-03-13 07:30:00,0.37,-0.37
CULV_009,2025-03-13 07:36:00,0.34,-0.34
CULV_009,2025-03-13 07:42:00,0.31,-0.31
CULV_009,2025-03-13 07:48:00,0.32,-0.32
CULV_009,2025-03-13 07:54:00,0.31,-0.31
CULV_009,2025-03-13 08:00:00,0.25,-0.25
CULV_009,2025-03-13 08:06:00,0.22,-0.22
CULV_009,2025-03-13 08:12:00,0.19,-0.19
CULV_009,2025-03-13 08:18:00,0.17,-0.17
CULV_009,2025-03-13 08:24:00,0.16,-0.16
CULV_009,2025-03-13 08:30:00,0.15,-0.15
CULV_009,2025-03-13 08:36:00,0.14,-0.14
CULV_009,2025-03-13 08:42:00,0.13,-0.13
CULV_009,2025-03-13 08:48:00,0.12,-0.12
CULV_009,2025-03-13 08:54:00,0.11,-0.11
CULV_009,2025-03-13 09:00:00,0.1,-0.1
CULV_009,2025-03-13 09:06:00,0.1,-0.1
CULV_009,2025-03-13 09:12:00,0.09,-0.09
CULV_009,2025-03-13 09:18:00,0.08,-0.08
CULV_009,2025-03-13 09:24:00,0.08,-0.08
CULV_009,2025-03-13 09:30:00,0.07,-0.07
CULV_009,2025-03-13 09:36:00,0.07,-0.07
CULV_009,2025-03-13 09:42:00,0.06,-0.06
CULV_009,2025-03-13 09:48:00,0.06,-0.06
CULV_009,2025-03-13 09:54:00,0.06,-0.06
CULV_009,2025-03-13 10:00:00,0.05,-0.05
CULV_069,2025-03-13 00:00:00,0.0,0.0
CULV_069,2025-03-13 00:06:00,0.0,0.0
CULV_069,2025-03-13 00:12:00,0.0,0.0
CULV_069,2025-03-13 00:18:00,0.0,0.0
CULV_069,2025-03-13 00:24:00,0.0,0.0
CULV_069,2025-03-13 00:30:00,0.0,0.0
CULV_069,2025-03-13 00:36:00,0.0,0.0
CULV_069,2025-03-13 00:42:00,0.0,0.0
CULV_069,2025-03-13 00:48:00,0.0,0.0
CULV_069,2025-03-13 00:54:00,0.0,0.0
CULV_069,2025-03-13 01:00:00,0.0,0.0
CULV_069,2025-03-13 01:06:00,0.0,0.0
CULV_069,2025-03-13 01:12:00,0.0,0.0
CULV_069,2025-03-13 01:18:00,0.0,0.0
CULV_069,2025-03-13 01:24:00,0.0,0.0
CULV_069,2025-03-13 01:30:00,0.0,0.0
CULV_069,2025-03-13 01:36:00,0.0,0.0
CULV_069,2025-03-13 01:42:00,0.0,0.0
CULV_069,2025-03-13 01:48:00,0.0,0.0
CULV_069,2025-03-13 01:54:00,0.0,0.0
CULV_069,2025-03-13 02:00:00,0.0,0.0
CULV_069,2025-03-13 02:06:00,0.0,0.0
CULV_069,2025-03-13 02:12:00,0.0,0.0
CULV_069,2025-03-13 02:18:00,0.0,0.0
CULV_069,2025-03-13 02:24:00,0.0,0.0
CULV_069,2025-03-13 02:30:00,0.0,0.0
CULV_069,2025-03-13 02:36:00,0.0,0.0
CULV_069,2025-03-13 02:42:00,0.0,0.0
CULV_069,2025-03-13 02:48:00,0.0,0.0
CULV_069,2025-03-13 02:54:00,0.01,-0.01
CULV_069,2025-03-13 03:00:00,0.07,-0.07
CULV_069,2025-03-13 03:06:00,0.08,-0.08
CULV_069,2025-03-13 03:12:00,0.09,-0.09
CULV_069,2025-03-13 03:18:00,0.12,-0.12
CULV_069,2025-03-13 03:24:00,0.27,-0.27
CULV_069,2025-03-13 03:30:00,0.47,-0.47
CULV_069,2025-03-13 03:36:00,0.88,-0.88
CULV_069,2025-03-13 03:42:00,1.56,-1.56
CULV_069,2025-03-13 03:48:00,2.55,-2.55
CULV_069,2025-03-13 03:54:00,6.81,-6.81
CULV_069,2025-03-13 04:00:00,15.21,-15.21
CULV_069,2025-03-13 04:06:00,16.75,-16.75
CULV_069,2025-03-13 04:12:00,10.61,-10.61
CULV_069,2025-03-13 04:18:00,23.34,-23.34
CULV_069,2025-03-13 04:24:00,55.12,-55.12
CULV_069,2025-03-13 04:30:00,74.3,-74.3
CULV_069,2025-03-13 04:36:00,89.71,-89.71
CULV_069,2025-03-13 04:42:00,90.69,-90.69
CULV_069,2025-03-13 04:48:00,83.83,-83.83
CULV_069,2025-03-13 04:54:00,80.28,-80.28
CULV_069,2025-03-13 05:00:00,190.44,-190.44
CULV_069,2025-03-13 05:06:00,472.46,-472.46
CULV_069,2025-03-13 05:12:00,771.17,-771.17
CULV_069,2025-03-13 05:18:00,915.72,-915.72
CULV_069,2025-03-13 05:24:00,967.87,-967.87
CULV_069,2025-03-13 05:30:00,993.99,-993.99
CULV_069,2025-03-13 05:36:00,1013.74,-1013.74
CULV_069,2025-03-13 05:42:00,1030.16,-1030.16
CULV_069,2025-03-13 05:48:00,1042.59,-1042.59
CULV_069,2025-03-13 05:54:00,1054.49,-1054.49
CULV_069,2025-03-13 06:00:00,1064.71,-1064.71
CULV_069,2025-03-13 06:06:00,1074.61,-1074.61
CULV_069,2025-03-13 06:12:00,1083.22,-1083.22
CULV_069,2025-03-13 06:18:00,1091.18,-1091.18
CULV_069,2025-03-13 06:24:00,1097.82,-1097.82
CULV_069,2025-03-13 06:30:00,1104.25,-1104.25
CULV_069,2025-03-13 06:36:00,1110.01,-1110.01
CULV_069,2025-03-13 06:42:00,1115.4,-1115.4
CULV_069,2025-03-13 06:48:00,1120.06,-1120.06
CULV_069,2025-03-13 06:54:00,1124.46,-1124.46
CULV_069,2025-03-13 07:00:00,1128.47,-1128.47
CULV_069,2025-03-13 07:06:00,1132.26,-1132.26
CULV_069,2025-03-13 07:12:00,1135.71,-1135.71
CULV_069,2025-03-13 07:18:00,1139.04,-1139.04
CULV_069,2025-03-13 07:24:00,1142.0,-1142.0
CULV_069,2025-03-13 07:30:00,1144.98,-1144.98
CULV_069,2025-03-13 07:36:00,1147.72,-1147.72
CULV_069,2025-03-13 07:42:00,1150.36,-1150.36
CULV_069,2025-03-13 07:48:00,1152.89,-1152.89
CULV_069,2025-03-13 07:54:00,1155.29,-1155.29
CULV_069,2025-03-13 08:00:00,1157.58,-1157.58
CULV_069,2025-03-13 08:06:00,1159.64,-1159.64
CULV_069,2025-03-13 08:12:00,1161.73,-1161.73
CULV_069,2025-03-13 08:18:00,1163.54,-1163.54
CULV_069,2025-03-13 08:24:00,1165.41,-1165.41
CULV_069,2025-03-13 08:30:00,1165.39,-1165.39
CULV_069,2025-03-13 08:36:00,1168.26,-1168.26
CULV_069,2025-03-13 08:42:00,1170.12,-1170.12
CULV_069,2025-03-13 08:48:00,1170.05,-1170.05
CULV_069,2025-03-13 08:54:00,1173.01,-1173.01
CULV_069,2025-03-13 09:00:00,1173.34,-1173.34
CULV_069,2025-03-13 09:06:00,1175.73,-1175.73
CULV_069,2025-03-13 09:12:00,1176.95,-1176.95
CULV_069,2025-03-13 09:18:00,1176.99,-1176.99
CULV_069,2025-03-13 09:24:00,1179.22,-1179.22
CULV_069,2025-03-13 09:30:00,1179.1,-1179.1
CULV_069,2025-03-13 09:36:00,1181.62,-1181.62
CULV_069,2025-03-13 09:42:00,1182.14,-1182.14
CULV_069,2025-03-13 09:48:00,1183.07,-1183.07
CULV_069,2025-03-13 09:54:00,1184.85,-1184.85
CULV_069,2025-03-13 10:00:00,1184.25,-1184.25
CULV_070,2025-03-13 00:00:00,0.0,0.0
CULV_070,2025-03-13 00:06:00,0.0,0.0
CULV_070,2025-03-13 00:12:00,0.0,0.0
CULV_070,2025-03-13 00:18:00,0.0,0.0
CULV_070,2025-03-13 00:24:00,0.0,0.0
CULV_070,2025-03-13 00:30:00,0.0,0.0
CULV_070,2025-03-13 00:36:00,0.0,0.0
CULV_070,2025-03-13 00:42:00,0.0,0.0
CULV_070,2025-03-13 00:48:00,0.0,0.0
CULV_070,2025-03-13 00:54:00,0.0,0.0
CULV_070,2025-03-13 01:00:00,0.0,0.0
CULV_070,2025-03-13 01:06:00,0.0,0.0
CULV_070,2025-03-13 01:12:00,0.0,0.0
CULV_070,2025-03-13 01:18:00,0.0,0.0
CULV_070,2025-03-13 01:24:00,0.0,0.0
CULV_070,2025-03-13 01:30:00,0.0,0.0
CULV_070,2025-03-13 01:36:00,0.0,0.0
CULV_070,2025-03-13 01:42:00,0.0,0.0
CULV_070,2025-03-13 01:48:00,0.0,0.0
CULV_070,2025-03-13 01:54:00,0.0,0.0
CULV_070,2025-03-13 02:00:00,0.0,0.0
CULV_070,2025-03-13 02:06:00,0.0,0.0
CULV_070,2025-03-13 02:12:00,0.0,0.0
CULV_070,2025-03-13 02:18:00,0.0,0.0
CULV_070,2025-03-13 02:24:00,0.0,0.0
CULV_070,2025-03-13 02:30:00,0.0,0.0
CULV_070,2025-03-13 02:36:00,0.0,0.0
CULV_070,2025-03-13 02:42:00,0.0,0.0
CULV_070,2025-03-13 02:48:00,0.0,0.0
CULV_070,2025-03-13 02:54:00,0.0,0.0
CULV_070,2025-03-13 03:00:00,0.0,0.0
CULV_070,2025-03-13 03:06:00,0.0,0.0
CULV_070,2025-03-13 03:12:00,0.0,0.0
CULV_070,2025-03-13 03:18:00,0.0,0.0
CULV_070,2025-03-13 03:24:00,0.0,0.0
CULV_070,2025-03-13 03:30:00,0.0,0.0
CULV_070,2025-03-13 03:36:00,0.31,-0.31
CULV_070,2025-03-13 03:42:00,0.57,-0.57
CULV_070,2025-03-13 03:48:00,0.92,-0.92
CULV_070,2025-03-13 03:54:00,3.19,-3.19
CULV_070,2025-03-13 04:00:00,9.4,-9.4
CULV_070,2025-03-13 04:06:00,33.92,-33.92
CULV_070,2025-03-13 04:12:00,41.87,-41.87
CULV_070,2025-03-13 04:18:00,48.58,-48.58
CULV_070,2025-03-13 04:24:00,49.19,-49.19
CULV_070,2025-03-13 04:30:00,45.31,-45.31
CULV_070,2025-03-13 04:36:00,40.04,-40.04
CULV_070,2025-03-13 04:42:00,34.88,-34.88
CULV_070,2025-03-13 04:48:00,31.48,-31.48
CULV_070,2025-03-13 04:54:00,29.02,-29.02
CULV_070,2025-03-13 05:00:00,26.96,-26.96
CULV_070,2025-03-13 05:06:00,24.7,-24.7
CULV_070,2025-03-13 05:12:00,22.99,-22.99
CULV_070,2025-03-13 05:18:00,21.09,-21.09
CULV_070,2025-03-13 05:24:00,19.2,-19.2
CULV_070,2025-03-13 05:30:00,17.47,-17.47
CULV_070,2025-03-13 05:36:00,16.26,-16.26
CULV_070,2025-03-13 05:42:00,15.08,-15.08
CULV_070,2025-03-13 05:48:00,13.82,-13.82
CULV_070,2025-03-13 05:54:00,12.78,-12.78
CULV_070,2025-03-13 06:00:00,11.99,-11.99
CULV_070,2025-03-13 06:06:00,11.1,-11.1
CULV_070,2025-03-13 06:12:00,10.21,-10.21
CULV_070,2025-03-13 06:18:00,9.43,-9.43
CULV_070,2025-03-13 06:24:00,8.83,-8.83
CULV_070,2025-03-13 06:30:00,8.24,-8.24
CULV_070,2025-03-13 06:36:00,7.67,-7.67
CULV_070,2025-03-13 06:42:00,7.14,-7.14
CULV_070,2025-03-13 06:48:00,6.64,-6.64
CULV_070,2025-03-13 06:54:00,6.21,-6.21
CULV_070,2025-03-13 07:00:00,5.81,-5.81
CULV_070,2025-03-13 07:06:00,5.45,-5.45
CULV_070,2025-03-13 07:12:00,5.11,-5.11
CULV_070,2025-03-13 07:18:00,4.79,-4.79
CULV_070,2025-03-13 07:24:00,4.51,-4.51
CULV_070,2025-03-13 07:30:00,4.26,-4.26
CULV_070,2025-03-13 07:36:00,4.03,-4.03
CULV_070,2025-03-13 07:42:00,3.81,-3.81
CULV_070,2025-03-13 07:48:00,3.6,-3.6
CULV_070,2025-03-13 07:54:00,3.4,-3.4
CULV_070,2025-03-13 08:00:00,3.22,-3.22
CULV_070,2025-03-13 08:06:00,3.06,-3.06
CULV_070,2025-03-13 08:12:00,2.9,-2.9
CULV_070,2025-03-13 08:18:00,2.74,-2.74
CULV_070,2025-03-13 08:24:00,2.61,-2.61
CULV_070,2025-03-13 08:30:00,2.48,-2.48
CULV_070,2025-03-13 08:36:00,2.35,-2.35
CULV_070,2025-03-13 08:42:00,2.24,-2.24
CULV_070,2025-03-13 08:48:00,2.14,-2.14
CULV_070,2025-03-13 08:54:00,2.04,-2.04
CULV_070,2025-03-13 09:00:00,1.95,-1.95
CULV_070,2025-03-13 09:06:00,1.86,-1.86
CULV_070,2025-03-13 09:12:00,1.78,-1.78
CULV_070,2025-03-13 09:18:00,1.7,-1.7
CULV_070,2025-03-13 09:24:00,1.63,-1.63
CULV_070,2025-03-13 09:30:00,1.56,-1.56
CULV_070,2025-03-13 09:36:00,1.51,-1.51
CULV_070,2025-03-13 09:42:00,1.45,-1.45
CULV_070,2025-03-13 09:48:00,1.4,-1.4
CULV_070,2025-03-13 09:54:00,1.36,-1.36
CULV_070,2025-03-13 10:00:00,1.32,-1.32
CULV_122,2025-03-13 00:00:00,0.0,0.0
CULV_122,2025-03-13 00:06:00,0.0,0.0
CULV_122,2025-03-13 00:12:00,0.0,0.0
CULV_122,2025-03-13 00:18:00,0.0,0.0
CULV_122,2025-03-13 00:24:00,0.0,0.0
CULV_122,2025-03-13 00:30:00,0.0,0.0
CULV_122,2025-03-13 00:36:00,0.0,0.0
CULV_122,2025-03-13 00:42:00,0.0,0.0
CULV_122,2025-03-13 00:48:00,0.0,0.0
CULV_122,2025-03-13 00:54:00,0.0,0.0
CULV_122,2025-03-13 01:00:00,0.0,0.0
CULV_122,2025-03-13 01:06:00,0.0,0.0
CULV_122,2025-03-13 01:12:00,0.0,0.0
CULV_122,2025-03-13 01:18:00,0.0,0.0
CULV_122,2025-03-13 01:24:00,0.0,0.0
CULV_122,2025-03-13 01:30:00,0.0,0.0
CULV_122,2025-03-13 01:36:00,0.0,0.0
CULV_122,2025-03-13 01:42:00,0.0,0.0
CULV_122,2025-03-13 01:48:00,0.0,0.0
CULV_122,2025-03-13 01:54:00,0.0,0.0
CULV_122,2025-03-13 02:00:00,0.0,0.0
CULV_122,2025-03-13 02:06:00,0.0,0.0
CULV_122,2025-03-13 02:12:00,0.0,0.0
CULV_122,2025-03-13 02:18:00,0.0,0.0
CULV_122,2025-03-13 02:24:00,0.0,0.0
CULV_122,2025-03-13 02:30:00,0.0,0.0
CULV_122,2025-03-13 02:36:00,0.0,0.0
CULV_122,2025-03-13 02:42:00,0.0,0.0
CULV_122,2025-03-13 02:48:00,0.0,0.0
CULV_122,2025-03-13 02:54:00,0.0,0.0
CULV_122,2025-03-13 03:00:00,0.0,0.0
CULV_122,2025-03-13 03:06:00,0.0,0.0
CULV_122,2025-03-13 03:12:00,0.0,0.0
CULV_122,2025-03-13 03:18:00,0.0,0.0
CULV_122,2025-03-13 03:24:00,0.0,0.0
CULV_122,2025-03-13 03:30:00,0.0,0.0
CULV_122,2025-03-13 03:36:00,0.0,0.0
CULV_122,2025-03-13 03:42:00,0.06,-0.06
CULV_122,2025-03-13 03:48:00,0.38,-0.38
CULV_122,2025-03-13 03:54:00,1.29,-1.29
CULV_122,2025-03-13 04:00:00,2.31,-2.31
CULV_122,2025-03-13 04:06:00,2.7,-2.7
CULV_122,2025-03-13 04:12:00,10.54,-10.54
CULV_122,2025-03-13 04:18:00,21.68,-21.68
CULV_122,2025-03-13 04:24:00,29.18,-29.18
CULV_122,2025-03-13 04:30:00,39.65,-39.65
CULV_122,2025-03-13 04:36:00,73.34,-73.34
CULV_122,2025-03-13 04:42:00,78.86,-78.86
CULV_122,2025-03-13 04:48:00,78.17,-78.17
CULV_122,2025-03-13 04:54:00,77.39,-77.39
CULV_122,2025-03-13 05:00:00,76.4,-76.4
CULV_122,2025-03-13 05:06:00,74.67,-74.67
CULV_122,2025-03-13 05:12:00,72.05,-72.05
CULV_122,2025-03-13 05:18:00,68.56,-68.56
CULV_122,2025-03-13 05:24:00,65.25,-65.25
CULV_122,2025-03-13 05:30:00,61.99,-61.99
CULV_122,2025-03-13 05:36:00,58.5,-58.5
CULV_122,2025-03-13 05:42:00,54.53,-54.53
CULV_122,2025-03-13 05:48:00,51.67,-51.67
CULV_122,2025-03-13 05:54:00,49.15,-49.15
CULV_122,2025-03-13 06:00:00,47.15,-47.15
CULV_122,2025-03-13 06:06:00,44.9,-44.9
CULV_122,2025-03-13 06:12:00,42.72,-42.72
CULV_122,2025-03-13 06:18:00,40.15,-40.15
CULV_122,2025-03-13 06:24:00,36.23,-36.23
CULV_122,2025-03-13 06:30:00,34.74,-34.74
CULV_122,2025-03-13 06:36:00,33.41,-33.41
CULV_122,2025-03-13 06:42:00,31.63,-31.63
CULV_122,2025-03-13 06:48:00,29.44,-29.44
CULV_122,2025-03-13 06:54:00,28.37,-28.37
CULV_122,2025-03-13 07:00:00,27.26,-27.26
CULV_122,2025-03-13 07:06:00,26.2,-26.2
CULV_122,2025-03-13 07:12:00,25.17,-25.17
CULV_122,2025-03-13 07:18:00,23.98,-23.98
CULV_122,2025-03-13 07:24:00,22.89,-22.89
CULV_122,2025-03-13 07:30:00,21.84,-21.84
CULV_122,2025-03-13 07:36:00,20.8,-20.8
CULV_122,2025-03-13 07:42:00,19.97,-19.97
CULV_122,2025-03-13 07:48:00,19.08,-19.08
CULV_122,2025-03-13 07:54:00,18.17,-18.17
CULV_122,2025-03-13 08:00:00,17.47,-17.47
CULV_122,2025-03-13 08:06:00,16.93,-16.93
CULV_122,2025-03-13 08:12:00,16.44,-16.44
CULV_122,2025-03-13 08:18:00,15.95,-15.95
CULV_122,2025-03-13 08:24:00,15.4,-15.4
CULV_122,2025-03-13 08:30:00,14.94,-14.94
CULV_122,2025-03-13 08:36:00,14.54,-14.54
CULV_122,2025-03-13 08:42:00,14.15,-14.15
CULV_122,2025-03-13 08:48:00,13.77,-13.77
CULV_122,2025-03-13 08:54:00,13.43,-13.43
CULV_122,2025-03-13 09:00:00,13.1,-13.1
CULV_122,2025-03-13 09:06:00,12.77,-12.77
CULV_122,2025-03-13 09:12:00,12.41,-12.41
CULV_122,2025-03-13 09:18:00,11.93,-11.93
CULV_122,2025-03-13 09:24:00,11.45,-11.45
CULV_122,2025-03-13 09:30:00,11.24,-11.24
CULV_122,2025-03-13 09:36:00,11.09,-11.09
CULV_122,2025-03-13 09:42:00,10.77,-10.77
CULV_122,2025-03-13 09:48:00,10.4,-10.4
CULV_122,2025-03-13 09:54:00,10.12,-10.12
CULV_122,2025-03-13 10:00:00,9.91,-9.91
CULV_125,2025-03-13 00:00:00,0.0,0.0
CULV_125,2025-03-13 00:06:00,0.0,0.0
CULV_125,2025-03-13 00:12:00,0.0,0.0
CULV_125,2025-03-13 00:18:00,0.0,0.0
CULV_125,2025-03-13 00:24:00,0.0,0.0
CULV_125,2025-03-13 00:30:00,0.0,0.0
CULV_125,2025-03-13 00:36:00,0.0,0.0
CULV_125,2025-03-13 00:42:00,0.0,0.0
CULV_125,2025-03-13 00:48:00,0.0,0.0
CULV_125,2025-03-13 00:54:00,0.0,0.0
CULV_125,2025-03-13 01:00:00,0.0,0.0
CULV_125,2025-03-13 01:06:00,0.0,0.0
CULV_125,2025-03-13 01:12:00,0.0,0.0
CULV_125,2025-03-13 01:18:00,0.0,0.0
CULV_125,2025-03-13 01:24:00,0.0,0.0
CULV_125,2025-03-13 01:30:00,0.0,0.0
CULV_125,2025-03-13 01:36:00,0.0,0.0
CULV_125,2025-03-13 01:42:00,0.0,0.0
CULV_125,2025-03-13 01:48:00,0.0,0.0
CULV_125,2025-03-13 01:54:00,0.0,0.0
CULV_125,2025-03-13 02:00:00,0.0,0.0
CULV_125,2025-03-13 02:06:00,0.0,0.0
CULV_125,2025-03-13 02:12:00,0.0,0.0
CULV_125,2025-03-13 02:18:00,0.0,0.0
CULV_125,2025-03-13 02:24:00,0.0,0.0
CULV_125,2025-03-13 02:30:00,0.0,0.0
CULV_125,2025-03-13 02:36:00,0.0,0.0
CULV_125,2025-03-13 02:42:00,0.0,0.0
CULV_125,2025-03-13 02:48:00,0.0,0.0
CULV_125,2025-03-13 02:54:00,0.0,0.0
CULV_125,2025-03-13 03:00:00,0.0,0.0
CULV_125,2025-03-13 03:06:00,0.0,0.0
CULV_125,2025-03-13 03:12:00,0.0,0.0
CULV_125,2025-03-13 03:18:00,0.0,0.0
CULV_125,2025-03-13 03:24:00,0.0,0.0
CULV_125,2025-03-13 03:30:00,0.0,0.0
CULV_125,2025-03-13 03:36:00,0.0,0.0
CULV_125,2025-03-13 03:42:00,0.0,0.0
CULV_125,2025-03-13 03:48:00,0.0,0.0
CULV_125,2025-03-13 03:54:00,0.0,0.0
CULV_125,2025-03-13 04:00:00,0.0,0.0
CULV_125,2025-03-13 04:06:00,0.0,0.0
CULV_125,2025-03-13 04:12:00,0.0,0.0
CULV_125,2025-03-13 04:18:00,0.0,0.0
CULV_125,2025-03-13 04:24:00,0.14,-0.14
CULV_125,2025-03-13 04:30:00,0.28,-0.28
CULV_125,2025-03-13 04:36:00,0.37,-0.37
CULV_125,2025-03-13 04:42:00,0.45,-0.45
CULV_125,2025-03-13 04:48:00,0.5,-0.5
CULV_125,2025-03-13 04:54:00,0.53,-0.53
CULV_125,2025-03-13 05:00:00,0.54,-0.54
CULV_125,2025-03-13 05:06:00,0.54,-0.54
CULV_125,2025-03-13 05:12:00,0.54,-0.54
CULV_125,2025-03-13 05:18:00,0.52,-0.52
CULV_125,2025-03-13 05:24:00,0.5,-0.5
CULV_125,2025-03-13 05:30:00,0.48,-0.48
CULV_125,2025-03-13 05:36:00,0.46,-0.46
CULV_125,2025-03-13 05:42:00,0.44,-0.44
CULV_125,2025-03-13 05:48:00,0.42,-0.42
CULV_125,2025-03-13 05:54:00,0.4,-0.4
CULV_125,2025-03-13 06:00:00,0.39,-0.39
CULV_125,2025-03-13 06:06:00,0.37,-0.37
CULV_125,2025-03-13 06:12:00,0.35,-0.35
CULV_125,2025-03-13 06:18:00,0.33,-0.33
CULV_125,2025-03-13 06:24:00,0.31,-0.31
CULV_125,2025-03-13 06:30:00,0.29,-0.29
CULV_125,2025-03-13 06:36:00,0.28,-0.28
CULV_125,2025-03-13 06:42:00,0.26,-0.26
CULV_125,2025-03-13 06:48:00,0.25,-0.25
CULV_125,2025-03-13 06:54:00,0.24,-0.24
CULV_125,2025-03-13 07:00:00,0.23,-0.23
CULV_125,2025-03-13 07:06:00,0.22,-0.22
CULV_125,2025-03-13 07:12:00,0.21,-0.21
CULV_125,2025-03-13 07:18:00,0.19,-0.19
CULV_125,2025-03-13 07:24:00,0.16,-0.16
CULV_125,2025-03-13 07:30:00,0.14,-0.14
CULV_125,2025-03-13 07:36:00,0.11,-0.11
CULV_125,2025-03-13 07:42:00,0.09,-0.09
CULV_125,2025-03-13 07:48:00,0.07,-0.07
CULV_125,2025-03-13 07:54:00,0.05,-0.05
CULV_125,2025-03-13 08:00:00,0.03,-0.03
CULV_125,2025-03-13 08:06:00,0.01,-0.01
CULV_125,2025-03-13 08:12:00,0.0,0.0
CULV_125,2025-03-13 08:18:00,0.0,0.0
CULV_125,2025-03-13 08:24:00,0.0,0.0
CULV_125,2025-03-13 08:30:00,0.0,0.0
CULV_125,2025-03-13 08:36:00,0.0,0.0
CULV_125,2025-03-13 08:42:00,0.0,0.0
CULV_125,2025-03-13 08:48:00,0.0,0.0
CULV_125,2025-03-13 08:54:00,0.0,0.0
CULV_125,2025-03-13 09:00:00,0.0,0.0
CULV_125,2025-03-13 09:06:00,0.0,0.0
CULV_125,2025-03-13 09:12:00,0.0,0.0
CULV_125,2025-03-13 09:18:00,0.0,0.0
CULV_125,2025-03-13 09:24:00,0.0,0.0
CULV_125,2025-03-13 09:30:00,0.0,0.0
CULV_125,2025-03-13 09:36:00,0.0,0.0
CULV_125,2025-03-13 09:42:00,0.0,0.0
CULV_125,2025-03-13 09:48:00,0.0,0.0
CULV_125,2025-03-13 09:54:00,0.0,0.0
CULV_125,2025-03-13 10:00:00,0.0,0.0
CULV_126,2025-03-13 00:00:00,0.0,0.0
CULV_126,2025-03-13 00:06:00,0.0,0.0
CULV_126,2025-03-13 00:12:00,0.0,0.0
CULV_126,2025-03-13 00:18:00,0.0,0.0
CULV_126,2025-03-13 00:24:00,0.0,0.0
CULV_126,2025-03-13 00:30:00,0.0,0.0
CULV_126,2025-03-13 00:36:00,0.0,0.0
CULV_126,2025-03-13 00:42:00,0.0,0.0
CULV_126,2025-03-13 00:48:00,0.0,0.0
CULV_126,2025-03-13 00:54:00,0.0,0.0
CULV_126,2025-03-13 01:00:00,0.0,0.0
CULV_126,2025-03-13 01:06:00,0.0,0.0
CULV_126,2025-03-13 01:12:00,0.0,0.0
CULV_126,2025-03-13 01:18:00,0.0,0.0
CULV_126,2025-03-13 01:24:00,0.0,0.0
CULV_126,2025-03-13 01:30:00,0.0,0.0
CULV_126,2025-03-13 01:36:00,0.0,0.0
CULV_126,2025-03-13 01:42:00,0.0,0.0
CULV_126,2025-03-13 01:48:00,0.0,0.0
CULV_126,2025-03-13 01:54:00,0.0,0.0
CULV_126,2025-03-13 02:00:00,0.0,0.0
CULV_126,2025-03-13 02:06:00,0.0,0.0
CULV_126,2025-03-13 02:12:00,0.0,0.0
CULV_126,2025-03-13 02:18:00,0.0,0.0
CULV_126,2025-03-13 02:24:00,0.0,0.0
CULV_126,2025-03-13 02:30:00,0.0,0.0
CULV_126,2025-03-13 02:36:00,0.0,0.0
CULV_126,2025-03-13 02:42:00,0.0,0.0
CULV_126,2025-03-13 02:48:00,0.0,0.0
CULV_126,2025-03-13 02:54:00,0.0,0.0
CULV_126,2025-03-13 03:00:00,0.0,0.0
CULV_126,2025-03-13 03:06:00,0.0,0.0
CULV_126,2025-03-13 03:12:00,0.0,0.0
CULV_126,2025-03-13 03:18:00,0.0,0.0
CULV_126,2025-03-13 03:24:00,0.0,0.0
CULV_126,2025-03-13 03:30:00,0.0,0.0
CULV_126,2025-03-13 03:36:00,0.04,-0.04
CULV_126,2025-03-13 03:42:00,0.27,-0.27
CULV_126,2025-03-13 03:48:00,0.53,-0.53
CULV_126,2025-03-13 03:54:00,1.1,-1.1
CULV_126,2025-03-13 04:00:00,2.12,-2.12
CULV_126,2025-03-13 04:06:00,3.79,-3.79
CULV_126,2025-03-13 04:12:00,4.77,-4.77
CULV_126,2025-03-13 04:18:00,5.19,-5.19
CULV_126,2025-03-13 04:24:00,4.98,-4.98
CULV_126,2025-03-13 04:30:00,4.64,-4.64
CULV_126,2025-03-13 04:36:00,4.42,-4.42
CULV_126,2025-03-13 04:42:00,4.17,-4.17
CULV_126,2025-03-13 04:48:00,3.9,-3.9
CULV_126,2025-03-13 04:54:00,4.02,-4.02
CULV_126,2025-03-13 05:00:00,6.68,-6.68
CULV_126,2025-03-13 05:06:00,7.3,-7.3
CULV_126,2025-03-13 05:12:00,7.08,-7.08
CULV_126,2025-03-13 05:18:00,6.82,-6.82
CULV_126,2025-03-13 05:24:00,6.58,-6.58
CULV_126,2025-03-13 05:30:00,6.34,-6.34
CULV_126,2025-03-13 05:36:00,6.12,-6.12
CULV_126,2025-03-13 05:42:00,5.68,-5.68
CULV_126,2025-03-13 05:48:00,5.57,-5.57
CULV_126,2025-03-13 05:54:00,5.51,-5.51
CULV_126,2025-03-13 06:00:00,5.44,-5.44
CULV_126,2025-03-13 06:06:00,5.36,-5.36
CULV_126,2025-03-13 06:12:00,5.24,-5.24
CULV_126,2025-03-13 06:18:00,5.13,-5.13
CULV_126,2025-03-13 06:24:00,5.05,-5.05
CULV_126,2025-03-13 06:30:00,4.92,-4.92
CULV_126,2025-03-13 06:36:00,4.8,-4.8
CULV_126,2025-03-13 06:42:00,4.52,-4.52
CULV_126,2025-03-13 06:48:00,4.26,-4.26
CULV_126,2025-03-13 06:54:00,4.02,-4.02
CULV_126,2025-03-13 07:00:00,3.82,-3.82
CULV_126,2025-03-13 07:06:00,3.67,-3.67
CULV_126,2025-03-13 07:12:00,3.53,-3.53
CULV_126,2025-03-13 07:18:00,3.42,-3.42
CULV_126,2025-03-13 07:24:00,3.32,-3.32
CULV_126,2025-03-13 07:30:00,3.22,-3.22
CULV_126,2025-03-13 07:36:00,3.13,-3.13
CULV_126,2025-03-13 07:42:00,3.03,-3.03
CULV_126,2025-03-13 07:48:00,2.93,-2.93
CULV_126,2025-03-13 07:54:00,2.84,-2.84
CULV_126,2025-03-13 08:00:00,2.74,-2.74
CULV_126,2025-03-13 08:06:00,2.64,-2.64
CULV_126,2025-03-13 08:12:00,2.55,-2.55
CULV_126,2025-03-13 08:18:00,2.48,-2.48
CULV_126,2025-03-13 08:24:00,2.42,-2.42
CULV_126,2025-03-13 08:30:00,2.37,-2.37
CULV_126,2025-03-13 08:36:00,2.31,-2.31
CULV_126,2025-03-13 08:42:00,2.25,-2.25
CULV_126,2025-03-13 08:48:00,2.18,-2.18
CULV_126,2025-03-13 08:54:00,2.1,-2.1
CULV_126,2025-03-13 09:00:00,2.0,-2.0
CULV_126,2025-03-13 09:06:00,1.9,-1.9
CULV_126,2025-03-13 09:12:00,1.79,-1.79
CULV_126,2025-03-13 09:18:00,1.69,-1.69
CULV_126,2025-03-13 09:24:00,1.6,-1.6
CULV_126,2025-03-13 09:30:00,1.52,-1.52
CULV_126,2025-03-13 09:36:00,1.46,-1.46
CULV_126,2025-03-13 09:42:00,1.4,-1.4
CULV_126,2025-03-13 09:48:00,1.35,-1.35
CULV_126,2025-03-13 09:54:00,1.31,-1.31
CULV_126,2025-03-13 10:00:00,1.27,-1.27
CULV_128,2025-03-13 00:00:00,0.0,0.0
CULV_128,2025-03-13 00:06:00,0.0,0.0
CULV_128,2025-03-13 00:12:00,0.0,0.0
CULV_128,2025-03-13 00:18:00,0.0,0.0
CULV_128,2025-03-13 00:24:00,0.0,0.0
CULV_128,2025-03-13 00:30:00,0.0,0.0
CULV_128,2025-03-13 00:36:00,0.0,0.0
CULV_128,2025-03-13 00:42:00,0.0,0.0
CULV_128,2025-03-13 00:48:00,0.0,0.0
CULV_128,2025-03-13 00:54:00,0.0,0.0
CULV_128,2025-03-13 01:00:00,0.0,0.0
CULV_128,2025-03-13 01:06:00,0.0,0.0
CULV_128,2025-03-13 01:12:00,0.0,0.0
CULV_128,2025-03-13 01:18:00,0.0,0.0
CULV_128,2025-03-13 01:24:00,0.0,0.0
CULV_128,2025-03-13 01:30:00,0.0,0.0
CULV_128,2025-03-13 01:36:00,0.0,0.0
CULV_128,2025-03-13 01:42:00,0.0,0.0
CULV_128,2025-03-13 01:48:00,0.0,0.0
CULV_128,2025-03-13 01:54:00,0.0,0.0
CULV_128,2025-03-13 02:00:00,0.0,0.0
CULV_128,2025-03-13 02:06:00,0.0,0.0
CULV_128,2025-03-13 02:12:00,0.0,0.0
CULV_128,2025-03-13 02:18:00,0.0,0.0
CULV_128,2025-03-13 02:24:00,0.0,0.0
CULV_128,2025-03-13 02:30:00,0.0,0.0
CULV_128,2025-03-13 02:36:00,0.0,0.0
CULV_128,2025-03-13 02:42:00,0.0,0.0
CULV_128,2025-03-13 02:48:00,0.0,0.0
CULV_128,2025-03-13 02:54:00,0.0,0.0
CULV_128,2025-03-13 03:00:00,0.0,0.0
CULV_128,2025-03-13 03:06:00,0.0,0.0
CULV_128,2025-03-13 03:12:00,0.0,0.0
CULV_128,2025-03-13 03:18:00,0.0,0.0
CULV_128,2025-03-13 03:24:00,0.0,0.0
CULV_128,2025-03-13 03:30:00,0.0,0.0
CULV_128,2025-03-13 03:36:00,0.0,0.0
CULV_128,2025-03-13 03:42:00,0.0,0.0
CULV_128,2025-03-13 03:48:00,0.0,0.0
CULV_128,2025-03-13 03:54:00,0.04,-0.04
CULV_128,2025-03-13 04:00:00,0.22,-0.22
CULV_128,2025-03-13 04:06:00,0.4,-0.4
CULV_128,2025-03-13 04:12:00,1.66,-1.66
CULV_128,2025-03-13 04:18:00,1.73,-1.73
CULV_128,2025-03-13 04:24:00,1.84,-1.84
CULV_128,2025-03-13 04:30:00,1.98,-1.98
CULV_128,2025-03-13 04:36:00,2.19,-2.19
CULV_128,2025-03-13 04:42:00,2.24,-2.24
CULV_128,2025-03-13 04:48:00,2.1,-2.1
CULV_128,2025-03-13 04:54:00,1.93,-1.93
CULV_128,2025-03-13 05:00:00,1.83,-1.83
CULV_128,2025-03-13 05:06:00,1.73,-1.73
CULV_128,2025-03-13 05:12:00,1.65,-1.65
CULV_128,2025-03-13 05:18:00,1.57,-1.57
CULV_128,2025-03-13 05:24:00,1.48,-1.48
CULV_128,2025-03-13 05:30:00,1.15,-1.15
CULV_128,2025-03-13 05:36:00,1.04,-1.04
CULV_128,2025-03-13 05:42:00,0.95,-0.95
CULV_128,2025-03-13 05:48:00,0.81,-0.81
CULV_128,2025-03-13 05:54:00,0.72,-0.72
CULV_128,2025-03-13 06:00:00,0.64,-0.64
CULV_128,2025-03-13 06:06:00,0.56,-0.56
CULV_128,2025-03-13 06:12:00,0.49,-0.49
CULV_128,2025-03-13 06:18:00,0.42,-0.42
CULV_128,2025-03-13 06:24:00,0.37,-0.37
CULV_128,2025-03-13 06:30:00,0.34,-0.34
CULV_128,2025-03-13 06:36:00,0.29,-0.29
CULV_128,2025-03-13 06:42:00,0.25,-0.25
CULV_128,2025-03-13 06:48:00,0.22,-0.22
CULV_128,2025-03-13 06:54:00,0.19,-0.19
CULV_128,2025-03-13 07:00:00,0.17,-0.17
CULV_128,2025-03-13 07:06:00,0.16,-0.16
CULV_128,2025-03-13 07:12:00,0.14,-0.14
CULV_128,2025-03-13 07:18:00,0.13,-0.13
CULV_128,2025-03-13 07:24:00,0.11,-0.11
CULV_128,2025-03-13 07:30:00,0.1,-0.1
CULV_128,2025-03-13 07:36:00,0.09,-0.09
CULV_128,2025-03-13 07:42:00,0.07,-0.07
CULV_128,2025-03-13 07:48:00,0.06,-0.06
CULV_128,2025-03-13 07:54:00,0.05,-0.05
CULV_128,2025-03-13 08:00:00,0.05,-0.05
CULV_128,2025-03-13 08:06:00,0.04,-0.04
CULV_128,2025-03-13 08:12:00,0.03,-0.03
CULV_128,2025-03-13 08:18:00,0.02,-0.02
CULV_128,2025-03-13 08:24:00,0.01,-0.01
CULV_128,2025-03-13 08:30:00,0.0,0.0
CULV_128,2025-03-13 08:36:00,0.0,0.0
CULV_128,2025-03-13 08:42:00,0.0,0.0
CULV_128,2025-03-13 08:48:00,0.0,0.0
CULV_128,2025-03-13 08:54:00,0.0,0.0
CULV_128,2025-03-13 09:00:00,0.0,0.0
CULV_128,2025-03-13 09:06:00,0.0,0.0
CULV_128,2025-03-13 09:12:00,0.0,0.0
CULV_128,2025-03-13 09:18:00,0.0,0.0
CULV_128,2025-03-13 09:24:00,0.0,0.0
CULV_128,2025-03-13 09:30:00,0.0,0.0
CULV_128,2025-03-13 09:36:00,0.0,0.0
CULV_128,2025-03-13 09:42:00,0.0,0.0
CULV_128,2025-03-13 09:48:00,0.0,0.0
CULV_128,2025-03-13 09:54:00,0.0,0.0
CULV_128,2025-03-13 10:00:00,0.0,0.0
CULV_129,2025-03-13 00:00:00,0.0,0.0
CULV_129,2025-03-13 00:06:00,0.0,0.0
CULV_129,2025-03-13 00:12:00,0.0,0.0
CULV_129,2025-03-13 00:18:00,0.0,0.0
CULV_129,2025-03-13 00:24:00,0.0,0.0
CULV_129,2025-03-13 00:30:00,0.0,0.0
CULV_129,2025-03-13 00:36:00,0.0,0.0
CULV_129,2025-03-13 00:42:00,0.0,0.0
CULV_129,2025-03-13 00:48:00,0.0,0.0
CULV_129,2025-03-13 00:54:00,0.0,0.0
CULV_129,2025-03-13 01:00:00,0.0,0.0
CULV_129,2025-03-13 01:06:00,0.0,0.0
CULV_129,2025-03-13 01:12:00,0.0,0.0
CULV_129,2025-03-13 01:18:00,0.0,0.0
CULV_129,2025-03-13 01:24:00,0.0,0.0
CULV_129,2025-03-13 01:30:00,0.0,0.0
CULV_129,2025-03-13 01:36:00,0.0,0.0
CULV_129,2025-03-13 01:42:00,0.0,0.0
CULV_129,2025-03-13 01:48:00,0.0,0.0
CULV_129,2025-03-13 01:54:00,0.0,0.0
CULV_129,2025-03-13 02:00:00,0.0,0.0
CULV_129,2025-03-13 02:06:00,0.0,0.0
CULV_129,2025-03-13 02:12:00,0.0,0.0
CULV_129,2025-03-13 02:18:00,0.0,0.0
CULV_129,2025-03-13 02:24:00,0.0,0.0
CULV_129,2025-03-13 02:30:00,0.0,0.0
CULV_129,2025-03-13 02:36:00,0.0,0.0
CULV_129,2025-03-13 02:42:00,0.0,0.0
CULV_129,2025-03-13 02:48:00,0.0,0.0
CULV_129,2025-03-13 02:54:00,0.0,0.0
CULV_129,2025-03-13 03:00:00,0.0,0.0
CULV_129,2025-03-13 03:06:00,0.0,0.0
CULV_129,2025-03-13 03:12:00,0.0,0.0
CULV_129,2025-03-13 03:18:00,0.0,0.0
CULV_129,2025-03-13 03:24:00,0.0,0.0
CULV_129,2025-03-13 03:30:00,0.0,0.0
CULV_129,2025-03-13 03:36:00,0.0,0.0
CULV_129,2025-03-13 03:42:00,0.0,0.0
CULV_129,2025-03-13 03:48:00,0.0,0.0
CULV_129,2025-03-13 03:54:00,0.18,-0.18
CULV_129,2025-03-13 04:00:00,2.21,-2.21
CULV_129,2025-03-13 04:06:00,7.45,-7.45
CULV_129,2025-03-13 04:12:00,7.34,-7.34
CULV_129,2025-03-13 04:18:00,7.97,-7.97
CULV_129,2025-03-13 04:24:00,9.03,-9.03
CULV_129,2025-03-13 04:30:00,9.73,-9.73
CULV_129,2025-03-13 04:36:00,10.22,-10.22
CULV_129,2025-03-13 04:42:00,10.22,-10.22
CULV_129,2025-03-13 04:48:00,9.7,-9.7
CULV_129,2025-03-13 04:54:00,9.09,-9.09
CULV_129,2025-03-13 05:00:00,8.39,-8.39
CULV_129,2025-03-13 05:06:00,7.57,-7.57
CULV_129,2025-03-13 05:12:00,6.97,-6.97
CULV_129,2025-03-13 05:18:00,6.36,-6.36
CULV_129,2025-03-13 05:24:00,6.39,-6.39
CULV_129,2025-03-13 05:30:00,6.71,-6.71
CULV_129,2025-03-13 05:36:00,6.4,-6.4
CULV_129,2025-03-13 05:42:00,5.71,-5.71
CULV_129,2025-03-13 05:48:00,5.25,-5.25
CULV_129,2025-03-13 05:54:00,4.94,-4.94
CULV_129,2025-03-13 06:00:00,4.53,-4.53
CULV_129,2025-03-13 06:06:00,4.22,-4.22
CULV_129,2025-03-13 06:12:00,3.71,-3.71
CULV_129,2025-03-13 06:18:00,3.6,-3.6
CULV_129,2025-03-13 06:24:00,3.44,-3.44
CULV_129,2025-03-13 06:30:00,3.1,-3.1
CULV_129,2025-03-13 06:36:00,2.94,-2.94
CULV_129,2025-03-13 06:42:00,2.81,-2.81
CULV_129,2025-03-13 06:48:00,2.69,-2.69
CULV_129,2025-03-13 06:54:00,2.59,-2.59
CULV_129,2025-03-13 07:00:00,2.49,-2.49
CULV_129,2025-03-13 07:06:00,2.39,-2.39
CULV_129,2025-03-13 07:12:00,2.3,-2.3
CULV_129,2025-03-13 07:18:00,2.21,-2.21
CULV_129,2025-03-13 07:24:00,2.13,-2.13
CULV_129,2025-03-13 07:30:00,2.05,-2.05
CULV_129,2025-03-13 07:36:00,1.97,-1.97
CULV_129,2025-03-13 07:42:00,1.9,-1.9
CULV_129,2025-03-13 07:48:00,1.83,-1.83
CULV_129,2025-03-13 07:54:00,1.77,-1.77
CULV_129,2025-03-13 08:00:00,1.71,-1.71
CULV_129,2025-03-13 08:06:00,1.67,-1.67
CULV_129,2025-03-13 08:12:00,1.63,-1.63
CULV_129,2025-03-13 08:18:00,1.59,-1.59
CULV_129,2025-03-13 08:24:00,1.56,-1.56
CULV_129,2025-03-13 08:30:00,1.52,-1.52
CULV_129,2025-03-13 08:36:00,1.49,-1.49
CULV_129,2025-03-13 08:42:00,1.46,-1.46
CULV_129,2025-03-13 08:48:00,1.43,-1.43
CULV_129,2025-03-13 08:54:00,1.4,-1.4
CULV_129,2025-03-13 09:00:00,1.37,-1.37
CULV_129,2025-03-13 09:06:00,1.34,-1.34
CULV_129,2025-03-13 09:12:00,1.31,-1.31
CULV_129,2025-03-13 09:18:00,1.28,-1.28
CULV_129,2025-03-13 09:24:00,1.26,-1.26
CULV_129,2025-03-13 09:30:00,1.23,-1.23
CULV_129,2025-03-13 09:36:00,1.21,-1.21
CULV_129,2025-03-13 09:42:00,1.18,-1.18
CULV_129,2025-03-13 09:48:00,1.16,-1.16
CULV_129,2025-03-13 09:54:00,1.14,-1.14
CULV_129,2025-03-13 10:00:00,1.12,-1.12
CULV_129B,2025-03-13 00:00:00,0.0,0.0
CULV_129B,2025-03-13 00:06:00,0.0,0.0
CULV_129B,2025-03-13 00:12:00,0.0,0.0
CULV_129B,2025-03-13 00:18:00,0.0,0.0
CULV_129B,2025-03-13 00:24:00,0.0,0.0
CULV_129B,2025-03-13 00:30:00,0.0,0.0
CULV_129B,2025-03-13 00:36:00,0.0,0.0
CULV_129B,2025-03-13 00:42:00,0.0,0.0
CULV_129B,2025-03-13 00:48:00,0.0,0.0
CULV_129B,2025-03-13 00:54:00,0.0,0.0
CULV_129B,2025-03-13 01:00:00,0.0,0.0
CULV_129B,2025-03-13 01:06:00,0.0,0.0
CULV_129B,2025-03-13 01:12:00,0.0,0.0
CULV_129B,2025-03-13 01:18:00,0.0,0.0
CULV_129B,2025-03-13 01:24:00,0.0,0.0
CULV_129B,2025-03-13 01:30:00,0.0,0.0
CULV_129B,2025-03-13 01:36:00,0.0,0.0
CULV_129B,2025-03-13 01:42:00,0.0,0.0
CULV_129B,2025-03-13 01:48:00,0.0,0.0
CULV_129B,2025-03-13 01:54:00,0.0,0.0
CULV_129B,2025-03-13 02:00:00,0.0,0.0
CULV_129B,2025-03-13 02:06:00,0.0,0.0
CULV_129B,2025-03-13 02:12:00,0.0,0.0
CULV_129B,2025-03-13 02:18:00,0.0,0.0
CULV_129B,2025-03-13 02:24:00,0.0,0.0
CULV_129B,2025-03-13 02:30:00,0.0,0.0
CULV_129B,2025-03-13 02:36:00,0.0,0.0
CULV_129B,2025-03-13 02:42:00,0.0,0.0
CULV_129B,2025-03-13 02:48:00,0.0,0.0
CULV_129B,2025-03-13 02:54:00,0.0,0.0
CULV_129B,2025-03-13 03:00:00,0.0,0.0
CULV_129B,2025-03-13 03:06:00,0.0,0.0
CULV_129B,2025-03-13 03:12:00,0.0,0.0
CULV_129B,2025-03-13 03:18:00,0.0,0.0
CULV_129B,2025-03-13 03:24:00,0.0,0.0
CULV_129B,2025-03-13 03:30:00,0.0,0.0
CULV_129B,2025-03-13 03:36:00,0.0,0.0
CULV_129B,2025-03-13 03:42:00,0.0,0.0
CULV_129B,2025-03-13 03:48:00,0.0,0.0
CULV_129B,2025-03-13 03:54:00,0.0,-0.18
CULV_129B,2025-03-13 04:00:00,0.0,-2.21
CULV_129B,2025-03-13 04:06:00,0.0,-7.45
CULV_129B,2025-03-13 04:12:00,0.0,-7.34
CULV_129B,2025-03-13 04:18:00,0.0,-7.97
CULV_129B,2025-03-13 04:24:00,0.0,-9.03
CULV_129B,2025-03-13 04:30:00,0.0,-9.73
CULV_129B,2025-03-13 04:36:00,0.0,-10.22
CULV_129B,2025-03-13 04:42:00,0.0,-10.22
CULV_129B,2025-03-13 04:48:00,0.0,-9.7
CULV_129B,2025-03-13 04:54:00,0.0,-9.09
CULV_129B,2025-03-13 05:00:00,0.0,-8.39
CULV_129B,2025-03-13 05:06:00,0.0,-7.57
CULV_129B,2025-03-13 05:12:00,0.0,-6.97
CULV_129B,2025-03-13 05:18:00,0.0,-6.36
CULV_129B,2025-03-13 05:24:00,0.0,-6.39
CULV_129B,2025-03-13 05:30:00,0.0,-6.71
CULV_129B,2025-03-13 05:36:00,0.0,-6.4
CULV_129B,2025-03-13 05:42:00,0.0,-5.71
CULV_129B,2025-03-13 05:48:00,0.0,-5.25
CULV_129B,2025-03-13 05:54:00,0.0,-4.94
CULV_129B,2025-03-13 06:00:00,0.0,-4.53
CULV_129B,2025-03-13 06:06:00,0.0,-4.22
CULV_129B,2025-03-13 06:12:00,0.0,-3.71
CULV_129B,2025-03-13 06:18:00,0.0,-3.6
CULV_129B,2025-03-13 06:24:00,0.0,-3.44
CULV_129B,2025-03-13 06:30:00,0.0,-3.1
CULV_129B,2025-03-13 06:36:00,0.0,-2.94
CULV_129B,2025-03-13 06:42:00,0.0,-2.81
CULV_129B,2025-03-13 06:48:00,0.0,-2.69
CULV_129B,2025-03-13 06:54:00,0.0,-2.59
CULV_129B,2025-03-13 07:00:00,0.0,-2.49
CULV_129B,2025-03-13 07:06:00,0.0,-2.39
CULV_129B,2025-03-13 07:12:00,0.0,-2.3
CULV_129B,2025-03-13 07:18:00,0.0,-2.21
CULV_129B,2025-03-13 07:24:00,0.0,-2.13
CULV_129B,2025-03-13 07:30:00,0.0,-2.05
CULV_129B,2025-03-13 07:36:00,0.0,-1.97
CULV_129B,2025-03-13 07:42:00,0.0,-1.9
CULV_129B,2025-03-13 07:48:00,0.0,-1.83
CULV_129B,2025-03-13 07:54:00,0.0,-1.77
CULV_129B,2025-03-13 08:00:00,0.0,-1.71
CULV_129B,2025-03-13 08:06:00,0.0,-1.67
CULV_129B,2025-03-13 08:12:00,0.0,-1.63
CULV_129B,2025-03-13 08:18:00,0.0,-1.59
CULV_129B,2025-03-13 08:24:00,0.0,-1.56
CULV_129B,2025-03-13 08:30:00,0.0,-1.52
CULV_129B,2025-03-13 08:36:00,0.0,-1.49
CULV_129B,2025-03-13 08:42:00,0.0,-1.46
CULV_129B,2025-03-13 08:48:00,0.0,-1.43
CULV_129B,2025-03-13 08:54:00,0.0,-1.4
CULV_129B,2025-03-13 09:00:00,0.0,-1.37
CULV_129B,2025-03-13 09:06:00,0.0,-1.34
CULV_129B,2025-03-13 09:12:00,0.0,-1.31
CULV_129B,2025-03-13 09:18:00,0.0,-1.28
CULV_129B,2025-03-13 09:24:00,0.0,-1.26
CULV_129B,2025-03-13 09:30:00,0.0,-1.23
CULV_129B,2025-03-13 09:36:00,0.0,-1.21
CULV_129B,2025-03-13 09:42:00,0.0,-1.18
CULV_129B,2025-03-13 09:48:00,0.0,-1.16
CULV_129B,2025-03-13 09:54:00,0.0,-1.14
CULV_129B,2025-03-13 10:00:00,0.0,-1.12
CULV_129C,2025-03-13 00:00:00,0.0,0.0
CULV_129C,2025-03-13 00:06:00,0.0,0.0
CULV_129C,2025-03-13 00:12:00,0.0,0.0
CULV_129C,2025-03-13 00:18:00,0.0,0.0
CULV_129C,2025-03-13 00:24:00,0.0,0.0
CULV_129C,2025-03-13 00:30:00,0.0,0.0
CULV_129C,2025-03-13 00:36:00,0.0,0.0
CULV_129C,2025-03-13 00:42:00,0.0,0.0
CULV_129C,2025-03-13 00:48:00,0.0,0.0
CULV_129C,2025-03-13 00:54:00,0.0,0.0
CULV_129C,2025-03-13 01:00:00,0.0,0.0
CULV_129C,2025-03-13 01:06:00,0.0,0.0
CULV_129C,2025-03-13 01:12:00,0.0,0.0
CULV_129C,2025-03-13 01:18:00,0.0,0.0
CULV_129C,2025-03-13 01:24:00,0.0,0.0
CULV_129C,2025-03-13 01:30:00,0.0,0.0
CULV_129C,2025-03-13 01:36:00,0.0,0.0
CULV_129C,2025-03-13 01:42:00,0.0,0.0
CULV_129C,2025-03-13 01:48:00,0.0,0.0
CULV_129C,2025-03-13 01:54:00,0.0,0.0
CULV_129C,2025-03-13 02:00:00,0.0,0.0
CULV_129C,2025-03-13 02:06:00,0.0,0.0
CULV_129C,2025-03-13 02:12:00,0.0,0.0
CULV_129C,2025-03-13 02:18:00,0.0,0.0
CULV_129C,2025-03-13 02:24:00,0.0,0.0
CULV_129C,2025-03-13 02:30:00,0.0,0.0
CULV_129C,2025-03-13 02:36:00,0.0,0.0
CULV_129C,2025-03-13 02:42:00,0.0,0.0
CULV_129C,2025-03-13 02:48:00,0.0,0.0
CULV_129C,2025-03-13 02:54:00,0.0,0.0
CULV_129C,2025-03-13 03:00:00,0.0,0.0
CULV_129C,2025-03-13 03:06:00,0.0,0.0
CULV_129C,2025-03-13 03:12:00,0.0,0.0
CULV_129C,2025-03-13 03:18:00,0.0,0.0
CULV_129C,2025-03-13 03:24:00,0.0,0.0
CULV_129C,2025-03-13 03:30:00,0.0,0.0
CULV_129C,2025-03-13 03:36:00,0.0,0.0
CULV_129C,2025-03-13 03:42:00,0.0,0.0
CULV_129C,2025-03-13 03:48:00,0.0,0.0
CULV_129C,2025-03-13 03:54:00,0.0,-0.18
CULV_129C,2025-03-13 04:00:00,0.0,-2.21
CULV_129C,2025-03-13 04:06:00,0.0,-7.45
CULV_129C,2025-03-13 04:12:00,0.0,-7.34
CULV_129C,2025-03-13 04:18:00,0.0,-7.97
CULV_129C,2025-03-13 04:24:00,0.0,-9.03
CULV_129C,2025-03-13 04:30:00,0.0,-9.73
CULV_129C,2025-03-13 04:36:00,0.0,-10.22
CULV_129C,2025-03-13 04:42:00,0.0,-10.22
CULV_129C,2025-03-13 04:48:00,0.0,-9.7
CULV_129C,2025-03-13 04:54:00,0.0,-9.09
CULV_129C,2025-03-13 05:00:00,0.0,-8.39
CULV_129C,2025-03-13 05:06:00,0.0,-7.57
CULV_129C,2025-03-13 05:12:00,0.0,-6.97
CULV_129C,2025-03-13 05:18:00,0.0,-6.36
CULV_129C,2025-03-13 05:24:00,0.0,-6.39
CULV_129C,2025-03-13 05:30:00,0.0,-6.71
CULV_129C,2025-03-13 05:36:00,0.0,-6.4
CULV_129C,2025-03-13 05:42:00,0.0,-5.71
CULV_129C,2025-03-13 05:48:00,0.0,-5.25
CULV_129C,2025-03-13 05:54:00,0.0,-4.94
CULV_129C,2025-03-13 06:00:00,0.0,-4.53
CULV_129C,2025-03-13 06:06:00,0.0,-4.22
CULV_129C,2025-03-13 06:12:00,0.0,-3.71
CULV_129C,2025-03-13 06:18:00,0.0,-3.6
CULV_129C,2025-03-13 06:24:00,0.0,-3.44
CULV_129C,2025-03-13 06:30:00,0.0,-3.1
CULV_129C,2025-03-13 06:36:00,0.0,-2.94
CULV_129C,2025-03-13 06:42:00,0.0,-2.81
CULV_129C,2025-03-13 06:48:00,0.0,-2.69
CULV_129C,2025-03-13 06:54:00,0.0,-2.59
CULV_129C,2025-03-13 07:00:00,0.0,-2.49
CULV_129C,2025-03-13 07:06:00,0.0,-2.39
CULV_129C,2025-03-13 07:12:00,0.0,-2.3
CULV_129C,2025-03-13 07:18:00,0.0,-2.21
CULV_129C,2025-03-13 07:24:00,0.0,-2.13
CULV_129C,2025-03-13 07:30:00,0.0,-2.05
CULV_129C,2025-03-13 07:36:00,0.0,-1.97
CULV_129C,2025-03-13 07:42:00,0.0,-1.9
CULV_129C,2025-03-13 07:48:00,0.0,-1.83
CULV_129C,2025-03-13 07:54:00,0.0,-1.77
CULV_129C,2025-03-13 08:00:00,0.0,-1.71
CULV_129C,2025-03-13 08:06:00,0.0,-1.67
CULV_129C,2025-03-13 08:12:00,0.0,-1.63
CULV_129C,2025-03-13 08:18:00,0.0,-1.59
CULV_129C,2025-03-13 08:24:00,0.0,-1.56
CULV_129C,2025-03-13 08:30:00,0.0,-1.52
CULV_129C,2025-03-13 08:36:00,0.0,-1.49
CULV_129C,2025-03-13 08:42:00,0.0,-1.46
CULV_129C,2025-03-13 08:48:00,0.0,-1.43
CULV_129C,2025-03-13 08:54:00,0.0,-1.4
CULV_129C,2025-03-13 09:00:00,0.0,-1.37
CULV_129C,2025-03-13 09:06:00,0.0,-1.34
CULV_129C,2025-03-13 09:12:00,0.0,-1.31
CULV_129C,2025-03-13 09:18:00,0.0,-1.28
CULV_129C,2025-03-13 09:24:00,0.0,-1.26
CULV_129C,2025-03-13 09:30:00,0.0,-1.23
CULV_129C,2025-03-13 09:36:00,0.0,-1.21
CULV_129C,2025-03-13 09:42:00,0.0,-1.18
CULV_129C,2025-03-13 09:48:00,0.0,-1.16
CULV_129C,2025-03-13 09:54:00,0.0,-1.14
CULV_129C,2025-03-13 10:00:00,0.0,-1.12
Grnway1,2025-03-13 00:00:00,0.0,0.0
Grnway1,2025-03-13 00:06:00,0.0,0.0
Grnway1,2025-03-13 00:12:00,0.0,0.0
Grnway1,2025-03-13 00:18:00,0.0,0.0
Grnway1,2025-03-13 00:24:00,0.0,0.0
Grnway1,2025-03-13 00:30:00,0.0,0.0
Grnway1,2025-03-13 00:36:00,0.0,0.0
Grnway1,2025-03-13 00:42:00,0.0,0.0
Grnway1,2025-03-13 00:48:00,0.0,0.0
Grnway1,2025-03-13 00:54:00,0.0,0.0
Grnway1,2025-03-13 01:00:00,0.0,0.0
Grnway1,2025-03-13 01:06:00,0.0,0.0
Grnway1,2025-03-13 01:12:00,0.0,0.0
Grnway1,2025-03-13 01:18:00,0.0,0.0
Grnway1,2025-03-13 01:24:00,0.0,0.0
Grnway1,2025-03-13 01:30:00,0.0,0.0
Grnway1,2025-03-13 01:36:00,0.0,0.0
Grnway1,2025-03-13 01:42:00,0.0,0.0
Grnway1,2025-03-13 01:48:00,0.0,0.0
Grnway1,2025-03-13 01:54:00,0.0,0.0
Grnway1,2025-03-13 02:00:00,0.0,0.0
Grnway1,2025-03-13 02:06:00,0.0,0.0
Grnway1,2025-03-13 02:12:00,0.0,0.0
Grnway1,2025-03-13 02:18:00,0.12,-0.12
Grnway1,2025-03-13 02:24:00,0.01,-0.01
Grnway1,2025-03-13 02:30:00,0.01,-0.01
Grnway1,2025-03-13 02:36:00,0.01,-0.01
Grnway1,2025-03-13 02:42:00,0.01,-0.01
Grnway1,2025-03-13 02:48:00,0.01,-0.01
Grnway1,2025-03-13 02:54:00,0.01,-0.01
Grnway1,2025-03-13 03:00:00,0.01,-0.01
Grnway1,2025-03-13 03:06:00,0.02,-0.02
Grnway1,2025-03-13 03:12:00,0.12,-0.12
Grnway1,2025-03-13 03:18:00,0.31,-0.31
Grnway1,2025-03-13 03:24:00,0.42,-0.42
Grnway1,2025-03-13 03:30:00,0.46,-0.46
Grnway1,2025-03-13 03:36:00,0.64,-0.64
Grnway1,2025-03-13 03:42:00,1.02,-1.02
Grnway1,2025-03-13 03:48:00,2.39,-2.39
Grnway1,2025-03-13 03:54:00,21.18,-21.18
Grnway1,2025-03-13 04:00:00,48.58,-48.58
Grnway1,2025-03-13 04:06:00,62.89,-62.89
Grnway1,2025-03-13 04:12:00,53.69,-53.69
Grnway1,2025-03-13 04:18:00,39.16,-39.16
Grnway1,2025-03-13 04:24:00,26.9,-26.9
Grnway1,2025-03-13 04:30:00,19.08,-19.08
Grnway1,2025-03-13 04:36:00,24.42,-24.42
Grnway1,2025-03-13 04:42:00,40.25,-40.25
Grnway1,2025-03-13 04:48:00,49.98,-49.98
Grnway1,2025-03-13 04:54:00,51.88,-51.88
Grnway1,2025-03-13 05:00:00,50.6,-50.6
Grnway1,2025-03-13 05:06:00,48.51,-48.51
Grnway1,2025-03-13 05:12:00,46.44,-46.44
Grnway1,2025-03-13 05:18:00,44.38,-44.38
Grnway1,2025-03-13 05:24:00,42.31,-42.31
Grnway1,2025-03-13 05:30:00,39.91,-39.91
Grnway1,2025-03-13 05:36:00,37.02,-37.02
Grnway1,2025-03-13 05:42:00,34.17,-34.17
Grnway1,2025-03-13 05:48:00,32.64,-32.64
Grnway1,2025-03-13 05:54:00,31.36,-31.36
Grnway1,2025-03-13 06:00:00,30.12,-30.12
Grnway1,2025-03-13 06:06:00,29.05,-29.05
Grnway1,2025-03-13 06:12:00,27.93,-27.93
Grnway1,2025-03-13 06:18:00,26.92,-26.92
Grnway1,2025-03-13 06:24:00,26.04,-26.04
Grnway1,2025-03-13 06:30:00,25.04,-25.04
Grnway1,2025-03-13 06:36:00,24.05,-24.05
Grnway1,2025-03-13 06:42:00,23.51,-23.51
Grnway1,2025-03-13 06:48:00,22.77,-22.77
Grnway1,2025-03-13 06:54:00,21.92,-21.92
Grnway1,2025-03-13 07:00:00,21.0,-21.0
Grnway1,2025-03-13 07:06:00,20.12,-20.12
Grnway1,2025-03-13 07:12:00,19.17,-19.17
Grnway1,2025-03-13 07:18:00,17.91,-17.91
Grnway1,2025-03-13 07:24:00,17.01,-17.01
Grnway1,2025-03-13 07:30:00,16.26,-16.26
Grnway1,2025-03-13 07:36:00,15.31,-15.31
Grnway1,2025-03-13 07:42:00,14.75,-14.75
Grnway1,2025-03-13 07:48:00,13.85,-13.85
Grnway1,2025-03-13 07:54:00,12.95,-12.95
Grnway1,2025-03-13 08:00:00,12.42,-12.42
Grnway1,2025-03-13 08:06:00,11.76,-11.76
Grnway1,2025-03-13 08:12:00,11.27,-11.27
Grnway1,2025-03-13 08:18:00,10.75,-10.75
Grnway1,2025-03-13 08:24:00,10.26,-10.26
Grnway1,2025-03-13 08:30:00,9.99,-9.99
Grnway1,2025-03-13 08:36:00,9.76,-9.76
Grnway1,2025-03-13 08:42:00,9.54,-9.54
Grnway1,2025-03-13 08:48:00,9.33,-9.33
Grnway1,2025-03-13 08:54:00,9.18,-9.18
Grnway1,2025-03-13 09:00:00,8.88,-8.88
Grnway1,2025-03-13 09:06:00,8.71,-8.71
Grnway1,2025-03-13 09:12:00,8.5,-8.5
Grnway1,2025-03-13 09:18:00,8.3,-8.3
Grnway1,2025-03-13 09:24:00,8.09,-8.09
Grnway1,2025-03-13 09:30:00,7.8,-7.8
Grnway1,2025-03-13 09:36:00,7.73,-7.73
Grnway1,2025-03-13 09:42:00,7.4,-7.4
Grnway1,2025-03-13 09:48:00,7.17,-7.17
Grnway1,2025-03-13 09:54:00,7.0,-7.0
Grnway1,2025-03-13 10:00:00,6.84,-6.84
Grnway2,2025-03-13 00:00:00,0.0,0.0
Grnway2,2025-03-13 00:06:00,0.0,0.0
Grnway2,2025-03-13 00:12:00,0.0,0.0
Grnway2,2025-03-13 00:18:00,0.0,0.0
Grnway2,2025-03-13 00:24:00,0.0,0.0
Grnway2,2025-03-13 00:30:00,0.0,0.0
Grnway2,2025-03-13 00:36:00,0.0,0.0
Grnway2,2025-03-13 00:42:00,0.0,0.0
Grnway2,2025-03-13 00:48:00,0.0,0.0
Grnway2,2025-03-13 00:54:00,0.0,0.0
Grnway2,2025-03-13 01:00:00,0.0,0.0
Grnway2,2025-03-13 01:06:00,0.0,0.0
Grnway2,2025-03-13 01:12:00,0.0,0.0
Grnway2,2025-03-13 01:18:00,0.0,0.0
Grnway2,2025-03-13 01:24:00,0.0,0.0
Grnway2,2025-03-13 01:30:00,0.0,0.0
Grnway2,2025-03-13 01:36:00,0.0,0.0
Grnway2,2025-03-13 01:42:00,0.0,0.0
Grnway2,2025-03-13 01:48:00,0.0,0.0
Grnway2,2025-03-13 01:54:00,0.11,-0.11
Grnway2,2025-03-13 02:00:00,0.01,-0.01
Grnway2,2025-03-13 02:06:00,0.01,-0.01
Grnway2,2025-03-13 02:12:00,0.1,-0.1
Grnway2,2025-03-13 02:18:00,0.26,-0.26
Grnway2,2025-03-13 02:24:00,0.32,-0.32
Grnway2,2025-03-13 02:30:00,0.39,-0.39
Grnway2,2025-03-13 02:36:00,0.48,-0.48
Grnway2,2025-03-13 02:42:00,0.7,-0.7
Grnway2,2025-03-13 02:48:00,0.86,-0.86
Grnway2,2025-03-13 02:54:00,0.9,-0.9
Grnway2,2025-03-13 03:00:00,0.92,-0.92
Grnway2,2025-03-13 03:06:00,0.99,-0.99
Grnway2,2025-03-13 03:12:00,1.1,-1.1
Grnway2,2025-03-13 03:18:00,1.22,-1.22
Grnway2,2025-03-13 03:24:00,1.48,-1.48
Grnway2,2025-03-13 03:30:00,1.82,-1.82
Grnway2,2025-03-13 03:36:00,4.81,-4.81
Grnway2,2025-03-13 03:42:00,16.18,-16.18
Grnway2,2025-03-13 03:48:00,22.93,-22.93
Grnway2,2025-03-13 03:54:00,44.23,-44.23
Grnway2,2025-03-13 04:00:00,90.56,-90.56
Grnway2,2025-03-13 04:06:00,179.9,-179.9
Grnway2,2025-03-13 04:12:00,242.57,-242.57
Grnway2,2025-03-13 04:18:00,302.06,-302.06
Grnway2,2025-03-13 04:24:00,331.77,-331.77
Grnway2,2025-03-13 04:30:00,334.28,-334.28
Grnway2,2025-03-13 04:36:00,321.15,-321.15
Grnway2,2025-03-13 04:42:00,304.32,-304.32
Grnway2,2025-03-13 04:48:00,295.64,-295.64
Grnway2,2025-03-13 04:54:00,294.28,-294.28
Grnway2,2025-03-13 05:00:00,294.7,-294.7
Grnway2,2025-03-13 05:06:00,291.13,-291.13
Grnway2,2025-03-13 05:12:00,282.86,-282.86
Grnway2,2025-03-13 05:18:00,270.1,-270.1
Grnway2,2025-03-13 05:24:00,254.94,-254.94
Grnway2,2025-03-13 05:30:00,238.54,-238.54
Grnway2,2025-03-13 05:36:00,222.97,-222.97
Grnway2,2025-03-13 05:42:00,208.17,-208.17
Grnway2,2025-03-13 05:48:00,195.33,-195.33
Grnway2,2025-03-13 05:54:00,184.13,-184.13
Grnway2,2025-03-13 06:00:00,174.5,-174.5
Grnway2,2025-03-13 06:06:00,165.69,-165.69
Grnway2,2025-03-13 06:12:00,156.62,-156.62
Grnway2,2025-03-13 06:18:00,146.9,-146.9
Grnway2,2025-03-13 06:24:00,137.46,-137.46
Grnway2,2025-03-13 06:30:00,128.63,-128.63
Grnway2,2025-03-13 06:36:00,120.76,-120.76
Grnway2,2025-03-13 06:42:00,113.15,-113.15
Grnway2,2025-03-13 06:48:00,106.14,-106.14
Grnway2,2025-03-13 06:54:00,99.82,-99.82
Grnway2,2025-03-13 07:00:00,94.12,-94.12
Grnway2,2025-03-13 07:06:00,89.22,-89.22
Grnway2,2025-03-13 07:12:00,84.94,-84.94
Grnway2,2025-03-13 07:18:00,80.77,-80.77
Grnway2,2025-03-13 07:24:00,76.87,-76.87
Grnway2,2025-03-13 07:30:00,72.98,-72.98
Grnway2,2025-03-13 07:36:00,69.47,-69.47
Grnway2,2025-03-13 07:42:00,66.32,-66.32
Grnway2,2025-03-13 07:48:00,63.34,-63.34
Grnway2,2025-03-13 07:54:00,60.51,-60.51
Grnway2,2025-03-13 08:00:00,57.83,-57.83
Grnway2,2025-03-13 08:06:00,55.35,-55.35
Grnway2,2025-03-13 08:12:00,53.05,-53.05
Grnway2,2025-03-13 08:18:00,50.88,-50.88
Grnway2,2025-03-13 08:24:00,48.99,-48.99
Grnway2,2025-03-13 08:30:00,47.05,-47.05
Grnway2,2025-03-13 08:36:00,45.39,-45.39
Grnway2,2025-03-13 08:42:00,43.73,-43.73
Grnway2,2025-03-13 08:48:00,42.02,-42.02
Grnway2,2025-03-13 08:54:00,40.67,-40.67
Grnway2,2025-03-13 09:00:00,39.2,-39.2
Grnway2,2025-03-13 09:06:00,38.04,-38.04
Grnway2,2025-03-13 09:12:00,36.78,-36.78
Grnway2,2025-03-13 09:18:00,35.63,-35.63
Grnway2,2025-03-13 09:24:00,34.54,-34.54
Grnway2,2025-03-13 09:30:00,33.44,-33.44
Grnway2,2025-03-13 09:36:00,32.34,-32.34
Grnway2,2025-03-13 09:42:00,31.35,-31.35
Grnway2,2025-03-13 09:48:00,30.34,-30.34
Grnway2,2025-03-13 09:54:00,29.36,-29.36
Grnway2,2025-03-13 10:00:00,28.46,-28.46
